{
    "labels": [
        1,
        2,
        3,
        4,
        5,
        6,
        7,
        8,
        9,
        10,
        11,
        12,
        13,
        14,
        15,
        16,
        17,
        18,
        19,
        20,
        21,
        22,
        23,
        24,
        25,
        26,
        27,
        28,
        29,
        30
    ],
    "data": [
        [
            0.09652916666666668,
            0.14036319444444445,
            0.12726458333333332,
            0.11241041666666668,
            0.09648402777777779,
            0.09292916666666667,
            0.08907222222222223,
            0.09866458333333333,
            0.10936527777777777,
            0.1350361111111111,
            0.10397430555555556,
            0.10397638888888888,
            0.09657708333333333,
            0.1059798611111111,
            0.11591527777777778,
            0.14667986111111112,
            0.12275347222222223,
            0.13944861111111112,
            0.09757916666666668,
            0.11588194444444445,
            0.10884166666666667,
            0.09460347222222223,
            0.13428958333333335,
            0.11986527777777778,
            0.10258333333333333,
            0.08479375,
            0.09874930555555557,
            0.09532638888888889,
            0.08749305555555555,
            0.1236423611111111
        ],
        [
            0.9135222222222222,
            1.2628291666666667,
            1.387829861111111,
            1.2305993055555555,
            1.327701388888889,
            1.2038340277777777,
            1.33670625,
            1.1911381944444446,
            1.4325006944444445,
            1.6011854166666666,
            1.2134277777777778,
            1.1114965277777777,
            1.0588472222222223,
            1.070436111111111,
            1.3058430555555556,
            1.7071756944444445,
            1.8140194444444444,
            1.7483652777777778,
            1.4351993055555554,
            1.4200541666666666,
            1.34628125,
            1.051382638888889,
            1.5693222222222223,
            1.5521493055555555,
            1.6576993055555556,
            1.2993180555555557,
            1.4534486111111111,
            1.6777666666666666,
            1.2731555555555556,
            1.7020020833333331
        ],
        [
            242.7008923611111,
            243.68976041666667,
            243.71299305555556,
            245.26077430555557,
            244.67590625,
            245.16373958333332,
            245.47460069444443,
            244.87777430555556,
            244.24607291666663,
            243.98055208333332,
            245.8003298611111,
            244.27353819444446,
            242.7341701388889,
            243.07484375,
            243.37352083333332,
            242.80710416666665,
            242.08727430555555,
            243.14022569444444,
            243.0746423611111,
            243.08014583333332,
            243.52821875,
            242.9282638888889,
            241.7987222222222,
            242.49846527777777,
            242.7213020833333,
            243.26987499999998,
            242.96185416666668,
            243.14062847222223,
            243.49782638888888,
            243.1846145833333
        ],
        [
            3.8434722222222226,
            5.275347222222222,
            5.7875,
            5.116319444444445,
            5.491666666666666,
            4.973055555555556,
            5.508263888888889,
            4.936041666666666,
            5.957777777777778,
            6.657638888888889,
            5.049930555555555,
            4.6038194444444445,
            4.427152777777778,
            4.478611111111111,
            5.427777777777778,
            7.130138888888888,
            7.550208333333333,
            7.294583333333334,
            5.964513888888889,
            5.895208333333334,
            5.577430555555556,
            4.386597222222222,
            6.596319444444445,
            6.498125,
            6.850694444444445,
            5.3689583333333335,
            6.079027777777777,
            6.947152777777777,
            5.255625,
            7.1125694444444445
        ],
        [
            1.065625,
            1.117361111111111,
            3.5701388888888888,
            0.5059027777777778,
            1.0527777777777778,
            0.6010416666666667,
            1.3489583333333333,
            0.9628472222222222,
            1.5913194444444445,
            2.2194444444444446,
            2.004166666666667,
            0.19166666666666668,
            0.3958333333333333,
            1.446875,
            1.6277777777777778,
            2.922222222222222,
            1.5517361111111112,
            2.1756944444444444,
            1.0979166666666667,
            0.8045138888888889,
            0.7090277777777778,
            0.24270833333333333,
            1.8166666666666667,
            2.9833333333333334,
            1.8538194444444445,
            0.571875,
            1.0208333333333333,
            1.504513888888889,
            0.5166666666666667,
            1.6881944444444446
        ],
        [
            1.448611111111111,
            2.1930555555555555,
            1.8222222222222222,
            1.9246527777777778,
            0.21354166666666666,
            1.21875,
            1.4149305555555556,
            0.44895833333333335,
            1.7802083333333334,
            2.1944444444444446,
            1.9586805555555555,
            1.3020833333333333,
            0.11423611111111111,
            0.14444444444444443,
            1.1604166666666667,
            1.9350694444444445,
            1.198611111111111,
            2.4291666666666667,
            0.3572916666666667,
            1.257986111111111,
            0.9055555555555556,
            0.240625,
            1.5211805555555555,
            2.5180555555555557,
            2.2274305555555554,
            0.25798611111111114,
            2.3197916666666667,
            2.5878472222222224,
            0.3975694444444444,
            2.716666666666667
        ],
        [
            2.2086805555555555,
            6.342361111111111,
            7.122569444444444,
            4.880902777777778,
            8.721527777777778,
            8.271180555555556,
            7.956597222222222,
            7.8493055555555555,
            8.339930555555556,
            9.252430555555556,
            5.613194444444445,
            7.730208333333334,
            6.122916666666667,
            4.630902777777778,
            8.02326388888889,
            10.025,
            10.54375,
            8.926388888888889,
            10.274305555555555,
            9.822916666666666,
            9.125347222222222,
            7.902083333333334,
            9.780555555555555,
            6.725,
            9.496180555555556,
            9.05,
            8.597916666666666,
            10.16388888888889,
            9.394791666666666,
            10.42986111111111
        ]
    ],
    "series": [
        "Grp",
        "Gap",
        "Voltage",
        "Gi",
        "Sm1",
        "Sm2",
        "Sm3"
    ],
    "Promedio": "Grp = 0.1278\nGap = 1.0491\nVoltage = 241.3767\nGi = 4.4393\nSm1 = 1.0617\nSm2 = 1.1345\nSm3 = 6.6033\n",
    "Max": "Grp = 1.39\nGap = 11.122\nVoltage = 254.15\nGi = 48.4\nSm1 = 88.0\nSm2 = 80.0\nSm3 = 31.0\n",
    "Min": "Grp = 0.0\nGap = 0.076\nVoltage = 223.2\nGi = 0.2\nSm1 = 0.0\nSm2 = 0.0\nSm3 = 0.0\n",
    "STD": "Grp = 0.114\nGap = 0.9871\nVoltage = 2.8851\nGi = 4.1371\nSm1 = 5.9732\nSm2 = 5.3018\nSm3 = 8.4736\n"
}