{
    "labels": [
        1,
        2,
        3,
        4,
        5,
        6,
        7,
        8,
        9,
        10,
        11,
        12,
        13,
        14,
        15,
        16,
        17,
        18,
        19,
        20,
        21,
        22,
        23,
        24,
        25,
        26,
        27,
        28,
        29,
        30
    ],
    "data": [
        [
            0.09734074074074074,
            0.11942407407407409,
            0.11289444444444445,
            0.10658518518518519,
            0.09429120370370371,
            0.08902638888888889,
            0.08627314814814814,
            0.09527916666666666,
            0.10192314814814815,
            0.11791851851851852,
            0.09141898148148149,
            0.11481180555555556,
            0.12382916666666666,
            0.11329027777777778,
            0.10795833333333334,
            0.12791597222222223,
            0.11649305555555556,
            0.12128715277777778,
            0.101746875,
            0.12338819444444445,
            0.11555555555555556,
            0.10148645833333333,
            0.10989895833333334,
            0.10895451388888888,
            0.09708784722222222,
            0.09644618055555555,
            0.09954826388888889,
            0.09302569444444445,
            0.09285625,
            0.11345381944444445
        ],
        [
            1.2478430555555555,
            1.2224662037037037,
            1.2747819444444444,
            1.3509208333333333,
            1.3905157407407407,
            1.2250523148148147,
            1.283687037037037,
            1.2671361111111112,
            1.3689912037037038,
            1.5059004629629629,
            1.2038171296296296,
            1.3079538194444444,
            1.5830819444444444,
            1.4090635416666666,
            1.4924336805555556,
            1.5171739583333335,
            1.6743656249999999,
            1.5700940972222222,
            1.3184236111111112,
            1.556225,
            1.587421875,
            1.3078982638888887,
            1.42006875,
            1.580393402777778,
            1.494856597222222,
            1.422742361111111,
            1.4950989583333334,
            1.7762100694444443,
            1.4453777777777779,
            1.432328125
        ],
        [
            242.1461527777778,
            243.2656574074074,
            243.50114814814813,
            243.9316435185185,
            242.7249189814815,
            243.24492361111112,
            243.897712962963,
            243.5257847222222,
            243.25026157407405,
            242.9227476851852,
            244.00356944444442,
            242.51136631944445,
            241.12600520833334,
            241.31801562500002,
            242.17435937500002,
            241.99527777777777,
            241.70194791666665,
            241.7767447916667,
            241.47903819444446,
            241.2430763888889,
            241.3973263888889,
            241.888609375,
            241.81676215277778,
            241.80846354166667,
            242.39310243055556,
            242.26793750000002,
            242.21098784722224,
            241.76332812500002,
            242.13708854166666,
            242.4561892361111
        ],
        [
            5.221851851851852,
            5.1070370370370375,
            5.325555555555556,
            5.649259259259259,
            5.810046296296297,
            5.1120833333333335,
            5.310601851851851,
            5.287361111111111,
            5.715833333333333,
            6.3032870370370375,
            5.021111111111111,
            5.510173611111111,
            6.688159722222223,
            5.983923611111111,
            6.252083333333333,
            6.388958333333334,
            7.007326388888888,
            6.590972222222222,
            5.533541666666666,
            6.5718402777777785,
            6.716145833333333,
            5.514305555555556,
            5.9934375,
            6.654444444444445,
            6.218680555555555,
            5.956493055555556,
            6.273194444444444,
            7.448263888888889,
            6.035590277777778,
            6.019930555555556
        ],
        [
            1.2800925925925926,
            0.7449074074074075,
            2.6416666666666666,
            0.624537037037037,
            1.1909722222222223,
            0.8557870370370371,
            1.1974537037037036,
            1.150462962962963,
            1.3298611111111112,
            1.782175925925926,
            1.6280092592592592,
            1.067013888888889,
            2.6824652777777778,
            2.059375,
            1.140451388888889,
            2.0210069444444443,
            1.5583333333333333,
            1.2673611111111112,
            1.351736111111111,
            1.461111111111111,
            2.1506944444444445,
            1.1151041666666666,
            1.1020833333333333,
            2.2852430555555556,
            1.1279513888888888,
            1.3428819444444444,
            1.3602430555555556,
            1.5522569444444445,
            0.7114583333333333,
            1.0390625
        ],
        [
            1.5997685185185184,
            2.178240740740741,
            1.410648148148148,
            2.515972222222222,
            0.20856481481481481,
            1.3784722222222223,
            1.0085648148148147,
            1.112037037037037,
            1.2525462962962963,
            1.5289351851851851,
            1.3729166666666666,
            1.1822916666666667,
            0.6326388888888889,
            0.8628472222222222,
            2.1638888888888888,
            1.6748263888888888,
            1.656076388888889,
            1.4197916666666666,
            1.2869791666666666,
            1.6015625,
            1.484548611111111,
            1.9645833333333333,
            1.0125,
            1.7451388888888888,
            1.5795138888888889,
            0.2282986111111111,
            2.4991319444444446,
            2.0364583333333335,
            1.3260416666666666,
            1.6508680555555555
        ],
        [
            4.332407407407407,
            6.308564814814815,
            6.292592592592593,
            5.9743055555555555,
            9.191898148148148,
            7.325231481481482,
            7.687268518518518,
            7.499768518518518,
            7.634722222222222,
            8.48125,
            5.593287037037037,
            7.231770833333333,
            6.6559027777777775,
            6.258854166666667,
            9.163541666666667,
            7.785763888888889,
            9.563715277777778,
            9.406597222222222,
            7.7737847222222225,
            7.755208333333333,
            8.390104166666667,
            7.234548611111111,
            8.088194444444444,
            6.431770833333333,
            8.680034722222222,
            8.664583333333333,
            7.7262152777777775,
            9.394097222222221,
            9.26875,
            7.8902777777777775
        ]
    ],
    "series": [
        "Grp",
        "Gap",
        "Voltage",
        "Gi",
        "Sm1",
        "Sm2",
        "Sm3"
    ],
    "Promedio": "Grp = 0.1232\nGap = 1.0736\nVoltage = 240.8359\nGi = 4.5524\nSm1 = 1.1102\nSm2 = 1.268\nSm3 = 6.3773\n",
    "Max": "Grp = 1.39\nGap = 11.122\nVoltage = 254.15\nGi = 48.4\nSm1 = 88.0\nSm2 = 80.0\nSm3 = 31.0\n",
    "Min": "Grp = 0.0\nGap = 0.076\nVoltage = 223.2\nGi = 0.2\nSm1 = 0.0\nSm2 = 0.0\nSm3 = 0.0\n",
    "STD": "Grp = 0.1119\nGap = 1.042\nVoltage = 3.2102\nGi = 4.3798\nSm1 = 6.12\nSm2 = 5.7341\nSm3 = 8.4021\n"
}