{
    "labels": [
        0,
        1,
        2,
        3,
        4,
        5,
        6,
        7,
        8,
        9,
        10,
        11,
        12,
        13,
        14,
        15,
        16,
        17,
        18,
        19,
        20,
        21,
        22,
        23
    ],
    "data": [
        [
            0.11440407569141194,
            0.10614172731683649,
            0.10427442988840369,
            0.10377967006307617,
            0.09899883551673945,
            0.09784842309558467,
            0.10340417273168365,
            0.11059956331877728,
            0.11147292576419214,
            0.10611460456089276,
            0.11732489082969431,
            0.12990562833575933,
            0.14294119359534208,
            0.1328394953905871,
            0.1303678311499272,
            0.1344011159631247,
            0.13219146045608926,
            0.13477826297913637,
            0.14045332362930615,
            0.18154580300824844,
            0.15987690441533237,
            0.13431741872877245,
            0.12935453663270258,
            0.12008471615720523
        ],
        [
            0.5984518195050946,
            0.5038639010189229,
            0.450911499272198,
            0.437907083939835,
            0.4419568170790878,
            0.45313716642406593,
            0.8019760310528868,
            1.5123140708393985,
            1.4237546821931102,
            1.3012962154294032,
            1.2352068898592916,
            1.2138607957302279,
            1.1810921882581271,
            1.1209953420669578,
            1.0361106744298885,
            0.925652353226589,
            0.9105527899078116,
            1.005797962154294,
            1.2324980106744299,
            1.6435913634158175,
            1.8712727802037845,
            1.8341304706453176,
            1.358236196021349,
            0.839815866084425
        ],
        [
            242.84846773410965,
            242.07309485686562,
            242.89867952450268,
            242.87200849102376,
            242.56646724890828,
            242.1988180494905,
            242.00664022319265,
            239.99606259097524,
            239.79180616205724,
            239.76234716157202,
            239.6118141678797,
            239.70801673944686,
            240.43880422125181,
            240.9587273168365,
            241.71177122755947,
            242.2656344007763,
            242.0179410480349,
            240.60847185832122,
            239.65871227559435,
            239.08913415817563,
            239.394775351771,
            239.46364095099466,
            241.2961310043668,
            243.46112979136342
        ],
        [
            2.553178068898593,
            2.166302765647744,
            1.940805434255216,
            1.886356137797186,
            1.8997379912663754,
            1.9445414847161573,
            3.4160941290635614,
            6.36734109655507,
            5.979184861717613,
            5.462634643377001,
            5.216744298884037,
            5.158447355652596,
            5.021421639980592,
            4.757341096555071,
            4.398146530810286,
            3.93882096069869,
            3.8803833090732653,
            4.298558951965066,
            5.251402231926249,
            7.006948083454634,
            7.929432314410481,
            7.730480349344979,
            5.70322658903445,
            3.533968947113052
        ],
        [
            0.28571081999029596,
            0.28728772440562833,
            0.19141193595342068,
            0.0831877729257642,
            0.07307132459970887,
            0.03173216885007278,
            0.053711790393013104,
            0.28175642891800096,
            1.3119359534206696,
            1.3214944201843766,
            1.000242600679282,
            1.5034691897137311,
            1.5280203784570596,
            1.3473556525958272,
            1.4646288209606988,
            1.466982047549733,
            1.0515526443474041,
            0.7134885977680737,
            1.156889859291606,
            2.6578602620087337,
            2.8623241145075204,
            2.5671518680252303,
            2.1974041727316838,
            1.0710577389616691
        ],
        [
            0.4861232411450752,
            0.3825812712275594,
            0.3269044153323629,
            0.3500242600679282,
            0.3266375545851528,
            0.31035904900533723,
            0.31795245026686075,
            0.4843765162542455,
            0.9080543425521591,
            0.9759340126152353,
            1.4540029112081514,
            1.8767588549247938,
            1.8845705967976711,
            2.3167879670063076,
            2.410965550703542,
            1.9063318777292577,
            1.8717855409995148,
            1.8239204269771956,
            1.5428190198932556,
            1.7226103833090733,
            1.755846676370694,
            1.5011887433284814,
            0.9306889859291606,
            0.6819747695293547
        ]
    ],
    "series": [
        "Grp",
        "Gap",
        "Voltage",
        "Gi",
        "Sm1",
        "Sm2"
    ]
}