{
    "labels": [
        1,
        2,
        3,
        4,
        5,
        6,
        7,
        8,
        9,
        10,
        11,
        12,
        13,
        14,
        15,
        16,
        17,
        18,
        19,
        20,
        21,
        22,
        23,
        24,
        25,
        26,
        27,
        28,
        29,
        30
    ],
    "data": [
        [
            0.09734074074074074,
            0.11942407407407409,
            0.11289444444444445,
            0.10658518518518519,
            0.09429120370370371,
            0.08902638888888889,
            0.08627314814814814,
            0.09527916666666666,
            0.10192314814814815,
            0.11791851851851852,
            0.09141898148148149,
            0.10698518518518518,
            0.09780555555555555,
            0.09845648148148148,
            0.1034675925925926,
            0.12763148148148148,
            0.1088537037037037,
            0.12057916666666668,
            0.09629861111111111,
            0.1093412037037037,
            0.10089444444444444,
            0.09627777777777778,
            0.11452268518518519,
            0.10405509259259259,
            0.09608009259259259,
            0.09551574074074073,
            0.09841574074074075,
            0.08851296296296296,
            0.08545277777777778,
            0.10938888888888888
        ],
        [
            1.2478430555555555,
            1.2224662037037037,
            1.2747819444444444,
            1.3509208333333333,
            1.3905157407407407,
            1.2250523148148147,
            1.283687037037037,
            1.2671361111111112,
            1.3689912037037038,
            1.5059004629629629,
            1.2038171296296296,
            1.4056754629629629,
            1.3730875,
            1.1823583333333332,
            1.4925324074074073,
            1.6325273148148147,
            1.573300462962963,
            1.671824074074074,
            1.4152037037037037,
            1.3495657407407406,
            1.3278444444444444,
            1.2391203703703704,
            1.4819342592592593,
            1.4155583333333335,
            1.6236180555555555,
            1.5224592592592594,
            1.520300462962963,
            1.6528157407407407,
            1.4682203703703705,
            1.5144472222222223
        ],
        [
            5.221851851851852,
            5.1070370370370375,
            5.325555555555556,
            5.649259259259259,
            5.810046296296297,
            5.1120833333333335,
            5.310601851851851,
            5.287361111111111,
            5.715833333333333,
            6.3032870370370375,
            5.021111111111111,
            5.91050925925926,
            5.766527777777778,
            4.990601851851852,
            6.248935185185186,
            6.859953703703703,
            6.5818055555555555,
            7.007129629629629,
            5.919305555555556,
            5.646435185185185,
            5.557962962962963,
            5.233981481481481,
            6.237638888888888,
            5.961388888888889,
            6.748472222222222,
            6.368194444444444,
            6.380972222222222,
            6.887962962962963,
            6.117824074074074,
            6.350509259259259
        ],
        [
            1.2800925925925926,
            0.7449074074074075,
            2.6416666666666666,
            0.624537037037037,
            1.1909722222222223,
            0.8557870370370371,
            1.1974537037037036,
            1.150462962962963,
            1.3298611111111112,
            1.782175925925926,
            1.6280092592592592,
            1.4226851851851852,
            1.7696759259259258,
            2.334490740740741,
            1.2662037037037037,
            2.2171296296296297,
            1.2675925925925926,
            1.6898148148148149,
            1.3155092592592592,
            0.9472222222222222,
            0.4726851851851852,
            1.2428240740740741,
            1.4694444444444446,
            2.245138888888889,
            1.2358796296296297,
            1.5212962962962964,
            1.5428240740740742,
            1.2673611111111112,
            0.6886574074074074,
            1.1254629629629629
        ],
        [
            1.5997685185185184,
            2.178240740740741,
            1.410648148148148,
            2.515972222222222,
            0.20856481481481481,
            1.3784722222222223,
            1.0085648148148147,
            1.112037037037037,
            1.2525462962962963,
            1.5289351851851851,
            1.3729166666666666,
            1.4747685185185184,
            0.15486111111111112,
            0.17476851851851852,
            2.3668981481481484,
            2.0840277777777776,
            0.8800925925925925,
            1.8152777777777778,
            1.6395833333333334,
            0.9266203703703704,
            0.6907407407407408,
            1.9289351851851853,
            1.1037037037037036,
            1.7527777777777778,
            2.0453703703703705,
            0.2439814814814815,
            2.430324074074074,
            1.7900462962962962,
            1.7,
            1.8715277777777777
        ],
        [
            4.332407407407407,
            6.308564814814815,
            6.292592592592593,
            5.9743055555555555,
            9.191898148148148,
            7.325231481481482,
            7.687268518518518,
            7.499768518518518,
            7.634722222222222,
            8.48125,
            5.593287037037037,
            7.72662037037037,
            6.249305555555556,
            5.341435185185185,
            8.708101851851852,
            8.857175925925926,
            9.033101851851852,
            9.419212962962963,
            8.70486111111111,
            7.69212962962963,
            8.501851851851852,
            7.016203703703703,
            9.61273148148148,
            5.857175925925926,
            8.97175925925926,
            9.645833333333334,
            7.437268518518518,
            9.737037037037037,
            8.827314814814814,
            8.634027777777778
        ]
    ],
    "series": [
        "Grp",
        "Gap",
        "Gi",
        "Sm1",
        "Sm2",
        "Sm3"
    ],
    "Promedio": "Grp = 0.1233\nGap = 1.0761\nGi = 4.5546\nSm1 = 1.0801\nSm2 = 1.2201\nSm3 = 6.5469\n",
    "Max": "Grp = 1.39\nGap = 11.122\nGi = 48.4\nSm1 = 88.0\nSm2 = 80.0\nSm3 = 31.0\n",
    "Min": "Grp = 0.0\nGap = 0.076\nGi = 0.2\nSm1 = 0.0\nSm2 = 0.0\nSm3 = 0.0\n",
    "STD": "Grp = 0.1122\nGap = 1.0262\nGi = 4.308\nSm1 = 6.0351\nSm2 = 5.6313\nSm3 = 8.4585\n"
}