{
    "labels": [
        0,
        1,
        2,
        3,
        4,
        5,
        6,
        7,
        8,
        9,
        10,
        11,
        12,
        13,
        14,
        15,
        16,
        17,
        18,
        19,
        20,
        21,
        22,
        23
    ],
    "data": [
        [
            0.36029377746935,
            0.24602128151746472,
            0.14413601665510062,
            0.0669558177191765,
            0.04651862132778163,
            0.03520703215359704,
            0.03888503354152209,
            0.3010525098311358,
            1.353296321998612,
            1.4534235484617164,
            1.1176497802452001,
            1.4784640296090679,
            1.548207263474439,
            1.2633125144575525,
            1.4547536433032617,
            1.4600046264168403,
            0.9482188295165395,
            0.7022174435812061,
            1.3023693943596857,
            2.576722145168747,
            2.7478964401294497,
            2.78970195343673,
            2.203770529724728,
            0.9478255840851261
        ],
        [
            0.5491672449687717,
            0.3932685634975711,
            0.34599814943326396,
            0.34588248901226,
            0.3296321998612075,
            0.3113115891741846,
            0.3296553319454083,
            0.4962410363173722,
            0.9962294702752718,
            1.0650127226463104,
            1.5220680083275504,
            1.9696044413601665,
            2.0224612537589635,
            2.3997455470737914,
            2.4449225075179273,
            2.036028221142725,
            1.8292389544297942,
            1.9028856825749167,
            1.773890429958391,
            2.089297272306981,
            1.882975034674064,
            1.759180227380498,
            1.1552856812398797,
            0.8227735368956743
        ],
        [
            2.9446102243812167,
            2.335981956974323,
            2.0150358547305114,
            1.6838191071015498,
            1.854823039555864,
            2.1199861207494797,
            4.1920078649086285,
            10.611392551468887,
            12.500717094610224,
            12.391256072172103,
            11.304048114735137,
            10.10356234096692,
            8.993453620171177,
            8.24351145038168,
            7.298993754337266,
            6.113370344668055,
            5.4138561184362715,
            5.318974287828339,
            5.696474803513638,
            6.684604715672677,
            8.35887656033287,
            7.549876825925541,
            5.653770529724728,
            3.9791001619245896
        ]
    ],
    "series": [
        "SubMeter1",
        "SubMeter2",
        "SubMeter3"
    ],
    "maxValues": [
        "9:00 p.m",
        "2:00 p.m",
        "8:00 a.m"
    ]
}